day,messages
2025-09-24,94
2025-09-25,402
2025-09-26,371
2025-09-27,8604
2025-09-28,13368
2025-09-29,11306
2025-09-30,6740
2025-10-01,4223
2025-10-02,3107
2025-10-03,2898
2025-10-04,2331
2025-10-05,1885
2025-10-06,3452
2025-10-07,2831
2025-10-08,4471
2025-10-09,8591
2025-10-10,6389
2025-10-11,4274
2025-10-12,5595
2025-10-13,6338
2025-10-14,6173
2025-10-15,4412
2025-10-16,4184
2025-10-17,6571
2025-10-18,3839
2025-10-19,3846
2025-10-20,5146
2025-10-21,7209
2025-10-22,6242
2025-10-23,6478
2025-10-24,5579
2025-10-25,3210
2025-10-26,2418
2025-10-27,5008
2025-10-28,4588
2025-10-29,3780
2025-10-30,3540
2025-10-31,5457
2025-11-01,5714
2025-11-02,4174
2025-11-03,4179
2025-11-04,4446
2025-11-05,5104
2025-11-06,4191
2025-11-07,3940
2025-11-08,625
